Nombre,Teléfono,Sitio Web,Tiene_Web
Hospital Veterinario Guadalajara,No encontrado,https://www.facebook.com/hospitalveterinarioguadalajara,SÍ
Hospital Veterinario Señor Dog´s,No encontrado,http://www.srdogs.com.mx/,SÍ
Inovet Centro Veterinario Suc. “La 56”,No encontrado,https://www.inovet.mx/,SÍ
Alfa Animal Hospital Veterinario,No encontrado,http://alfaanimal.mx/,SÍ
Veterinaria Animal Kingdom,No encontrado,http://www.animalkingdom.com.mx/,SÍ
Veterinaria El Arca de Noe,No encontrado,,NO
Veterinaria Baja Jr,No encontrado,,NO
La Perrita Tapatía,No encontrado,https://m.facebook.com/Vetlaperritatapatia,SÍ
Centro Veterinario Val-Yam,No encontrado,,NO
Veterinaria Mexico,No encontrado,,NO
Clinica Veterinaria,No encontrado,,NO
Profauna Hospital Veterinario 24 Horas,No encontrado,,NO
Ashoka Hospital Veterinario,No encontrado,https://ashokaveterinaria.com/,SÍ
Veterinaria Animal Care & Health,No encontrado,,NO
GRANERO GUADALAJARA,No encontrado,,NO
VETERINARIA ENTRE MASCOTAS,Cerrado ⋅ Abre a las 10 a.m. del mar · 33 3825 5540,https://www.facebook.com/VeterinariaEntreMascotasGDL/,SÍ
Centro Veterinario Plan de San Luis,No encontrado,http://vetplandesanluis.com/,SÍ
Clínica veterinaria Pura Vida,No encontrado,,NO
SF Hospital Veterinario,No encontrado,"https://wa.me/523332447988?text=%C2%A1Hola,%20Hospital%20Veterinario%20SF!%0AMe%20gustar%C3%ADa%20m%C3%A1s%20informaci%C3%B3n.",SÍ
Pet Center Centro Médico Veterinario,No encontrado,https://www.petcenter.com.mx/,SÍ
